slug,nome_pt,nome_en,profile_level,idiomas_sem_date,qtd_producoes,primeiro_ano,ultimo_ano,tipos_producao,qtd_aliases,aliases,tem_lattes,tem_orcid,tem_email,exemplos_producoes,recomendacao
a_sousa_e_silva_mateus,"A. SOUSA E SILVA, MATEUS","A. SOUSA E SILVA, MATEUS",derived,"en,pt",1,2021,2021,article:1,1,"A. SOUSA E SILVA, MATEUS",nao,nao,nao,Aspectos de qualidade em jogos sérios digitais,autor externo derivado de produções: date editorial provavelmente dispensável
adaid_castro_b_g,"ADAID-CASTRO, B. G.","ADAID-CASTRO, B. G.",derived,"en,pt",1,2020,2020,article:1,1,"ADAID-CASTRO, B. G.",nao,nao,nao,The Teamwork Process Antecedents (TPA) Questionnaire: Developing and Validating a Comprehensive Measure for Assessing Antecedents of Teamwork Process Quality,autor externo derivado de produções: date editorial provavelmente dispensável
adevanei_de_sant_anna_barreto,Adevanei de Sant'Anna Barreto,Adevanei de Sant'Anna Barreto,derived,"en,pt",1,2012,2012,specialization:1,1,Adevanei de Sant'Anna Barreto,nao,nao,nao,Controle de acesso lógico:um estudo sobre o caso da TI na Faculdade de Ciências e Tecnologias em Engenharia (FCTE),autor externo derivado de produções: date editorial provavelmente dispensável
alburquerque_p,"ALBURQUERQUE, P.","ALBURQUERQUE, P.",derived,"en,pt",1,2012,2012,conference:1,1,"ALBURQUERQUE, P.",nao,nao,nao,Influence of Affirmative Action on the Academic Performance of Undergraduate Students from a Brazilian Public University,autor externo derivado de produções: date editorial provavelmente dispensável
alexander_estevao_s_campos,Alexander Estevão S. Campos,Alexander Estevão S. Campos,derived,"en,pt",1,2009,2009,specialization:1,1,Alexander Estevão S. Campos,nao,nao,nao,Uso de wikis como ferramenta colaborativa na Gestão do Conhecimento,autor externo derivado de produções: date editorial provavelmente dispensável
alvarez_g_a,"ALVAREZ, G. A.","ALVAREZ, G. A.",derived,"en,pt",2,2019,2021,article:1; conference:1,1,"ALVAREZ, G. A.",nao,nao,nao,Formas de ingresso em perspectiva comparada: por que o SISU aumenta a evasão? O caso da UNB | Formas de Ingresso em Perspectiva Comparada: Porque o Sisu aumenta a evasão - o caso da UnB,autor externo derivado de produções: date editorial provavelmente dispensável
alves_de_jesus_dionlan,"ALVES DE JESUS, DIONLAN","ALVES DE JESUS, DIONLAN",derived,"en,pt",2,2018,2018,article:1; conference:1,2,"ALVES DE JESUS, DIONLAN | JESUS, D. A.",nao,nao,nao,Calculating Similarity of Curriculum Lattes | Similarities Building a Network between Researchers based on the Curriculum Lattes Platform,autor externo derivado de produções: date editorial provavelmente dispensável
alves_v_r,"ALVES, V. R.","ALVES, V. R.",derived,"en,pt",3,2015,2018,article:2; conference:1,2,"ALVES, V. R. | ALVES, VANDER",nao,nao,nao,All roads lead to Rome: Commuting strategies for product-line reliability analysis | Feature-family-based reliability analysis of software product lines | Modeling and Verification for Dependability in Software Product Lines,autor externo derivado de produções: date editorial provavelmente dispensável
ana_julia_mendes_santos,Ana Júlia Mendes Santos,Ana Júlia Mendes Santos,derived,"en,pt",1,2025,2025,conference:1,1,Ana Júlia Mendes Santos,nao,nao,nao,"Repensando a educação em IHC: gamificação, heurísticas e aprendizagem baseada em projetos em ação",autor externo derivado de produções: date editorial provavelmente dispensável
andrade_m,"ANDRADE, M.","ANDRADE, M.",derived,"en,pt",1,2017,2017,conference:1,1,"ANDRADE, M.",nao,nao,nao,Programa Aprendizagem para o Terceiro Milênio (A3M): política de valorização e promoção de ações educacionais inovadoras na Universidade de Brasília,autor externo derivado de produções: date editorial provavelmente dispensável
andrea_cabello,Andrea Cabello,Andrea Cabello,advisor_only,"en,pt",0,,,,0,,sim,nao,nao,,orientador externo: revisar se date deve ser dispensado no schema
angelica_toffano_seidel_calazans,Angélica Toffano Seidel Calazans,Angélica Toffano Seidel Calazans,derived,"en,pt",4,2016,2019,article:1; book:1; conference:2,4,"Angélica Toffano Seidel Calazans | CALAZANS, ANGELICA TOFFANO SEIDEL | CALAZANS, ANGÉLICA | CALAZANS, Angelica Toffano Seidel",nao,nao,nao,"Ensino SUPERIOR com metodologias ativas: na prática, como se faz | Proposta de modelo de medições para contratação do gerenciamento de processo de negócio (Business Process Management - BPM) | Quality Requirements: Analysis of Utilization in the Systems of a Financial Institution",autor externo derivado de produções: date editorial provavelmente dispensável
antonio_henrique_braz_filho,Antônio Henrique Braz Filho,Antônio Henrique Braz Filho,derived,"en,pt",1,2010,2010,specialization:1,1,Antônio Henrique Braz Filho,nao,nao,nao,Proposta de melhoria de um produto de software apoiada na avaliação de características de qualidade,autor externo derivado de produções: date editorial provavelmente dispensável
apel_sven,"APEL, SVEN","APEL, SVEN",derived,"en,pt",2,2018,2018,article:2,1,"APEL, SVEN",nao,nao,nao,All roads lead to Rome: Commuting strategies for product-line reliability analysis | Feature-family-based reliability analysis of software product lines,autor externo derivado de produções: date editorial provavelmente dispensável
araujo_rafael_carvalho_j,"ARAÚJO, RAFAEL CARVALHO J.","ARAÚJO, RAFAEL CARVALHO J.",derived,"en,pt",1,2024,2024,workshop:1,1,"ARAÚJO, RAFAEL CARVALHO J.",nao,nao,nao,Nimbus: uma arquitetura serverless em nuvem para correção automática de códigos,autor externo derivado de produções: date editorial provavelmente dispensável
arruda_j_a,"ARRUDA, J. A.","ARRUDA, J. A.",derived,"en,pt",3,2019,2022,article:2; conference:1,1,"ARRUDA, J. A.",nao,nao,nao,"Escolha Estratégica em Processos Seletivos: análises da alteração de opção inicial de candidatos no SISUnB, e seus efeitos na evasão | Formas de ingresso em perspectiva comparada: por que o SISU aumenta a evasão? O caso da UNB | Formas de Ingresso em Perspectiva Comparada: Porque o Sisu aumenta a evasão - o caso da UnB",autor externo derivado de produções: date editorial provavelmente dispensável
artur_potiguara_carvalho,Artur Potiguara Carvalho,Artur Potiguara Carvalho,derived,"en,pt",1,2013,2013,tcc:1,1,Artur Potiguara Carvalho,nao,nao,nao,"Inovação Organizacional em Engenharia de Software, no Contexto de Empresas Públicas",autor externo derivado de produções: date editorial provavelmente dispensável
barbosa_furia_cristina_lemos,"BARBOSA FURIA, CRISTINA LEMOS","BARBOSA FURIA, CRISTINA LEMOS",derived,"en,pt",1,2023,2023,article:1,1,"BARBOSA FURIA, CRISTINA LEMOS",nao,nao,nao,Usability study of a smartphone app entitled: Living with Parkinsons disease,autor externo derivado de produções: date editorial provavelmente dispensável
barraqui_l_p,"BARRAQUI, L. P.","BARRAQUI, L. P.",derived,"en,pt",2,2017,2018,conference:2,2,"BARRAQUI, L. P. | BARRAQUI, LUCIANA",nao,nao,nao,Evaluating the use of gamification in mathematics learning in primary school children | Uso da gamificação nos anos iniciais do ensino fundamental brasileiro,autor externo derivado de produções: date editorial provavelmente dispensável
barros_de_sales_andre,"BARROS DE SALES, ANDRÉ","BARROS DE SALES, ANDRÉ",derived,"en,pt",3,2021,2023,article:2; workshop:1,2,"BARROS DE SALES, ANDRÉ | SALES, A. B.",nao,nao,nao,Usability study of a smartphone app entitled: Living with Parkinsons disease | Aspectos de qualidade em jogos sérios digitais | PT4Researchers: uma ferramenta web para coleta e processamento de dados de personalidade,autor externo derivado de produções: date editorial provavelmente dispensável
batista_a_c_d,"BATISTA, A. C. D.","BATISTA, A. C. D.",derived,"en,pt",1,2020,2020,conference:1,1,"BATISTA, A. C. D.",nao,nao,nao,Teamwork Quality and Team Success in Software Development: A Non-exact Replication Study,autor externo derivado de produções: date editorial provavelmente dispensável
berilhes_garcia,Berilhes Borges Garcia,Berilhes Borges Garcia,advisor_only,"en,pt",0,,,,0,,nao,nao,nao,,orientador externo: revisar se date deve ser dispensado no schema
bezerra_carla,"BEZERRA, CARLA","BEZERRA, CARLA",derived,"en,pt",1,2023,2023,conference:1,1,"BEZERRA, CARLA",nao,nao,nao,Investigating the Perceived Impact of Maternity on Software Engineering: a Womens Perspective,autor externo derivado de produções: date editorial provavelmente dispensável
bonifacio_rodrigo,"BONIFACIO, RODRIGO","BONIFACIO, RODRIGO",derived,"en,pt",1,2021,2021,conference:1,1,"BONIFACIO, RODRIGO",nao,nao,nao,Breaking one barrier at a time: how women developers cope in a men-dominated industry,autor externo derivado de produções: date editorial provavelmente dispensável
borges_k_c_s,"BORGES, K. C. S.","BORGES, K. C. S.",derived,"en,pt",1,2017,2017,conference:1,1,"BORGES, K. C. S.",nao,nao,nao,Experience and Innovation Factory: Adaptation of an Experience Factory Model for a Research and Development Laboratory,autor externo derivado de produções: date editorial provavelmente dispensável
brito_i,"BRITO, I.","BRITO, I.",derived,"en,pt",1,2019,2019,book:1,1,"BRITO, I.",nao,nao,nao,"Ensino SUPERIOR com metodologias ativas: na prática, como se faz",autor externo derivado de produções: date editorial provavelmente dispensável
bruno_henrique_dos_santos_rebello,Bruno Henrique dos Santos Rebello,Bruno Henrique dos Santos Rebello,derived,"en,pt",1,2010,2010,specialization:1,1,Bruno Henrique dos Santos Rebello,nao,nao,nao,Uma proposta de princípios fundamentais da Engenharia de Requisitos aplicáveis a Métodos Ágeis,autor externo derivado de produções: date editorial provavelmente dispensável
caio_appelt_resende,Caio Appelt Resende,Caio Appelt Resende,derived,"en,pt",1,2012,2012,tcc:1,1,Caio Appelt Resende,nao,nao,nao,Re-estruturação da Ferramenta Eficiente visando a adequação à notação BPMN,autor externo derivado de produções: date editorial provavelmente dispensável
canto_fabio_lorensi_do,"CANTO, FABIO LORENSI DO","CANTO, FABIO LORENSI DO",derived,"en,pt",2,2024,2025,article:1; conference:1,1,"CANTO, FABIO LORENSI DO",nao,nao,nao,Rede de atração entre periódicos brasileiros de Ciências da Saúde | Atração entre periódicos brasileiros de medicina análise a partir de dados de citação do OpenAlex,autor externo derivado de produções: date editorial provavelmente dispensável
canto_fabiolorensi_do,"CANTO, FÁBIOLORENSI DO","CANTO, FÁBIOLORENSI DO",derived,"en,pt",1,2024,2024,conference:1,1,"CANTO, FÁBIOLORENSI DO",nao,nao,nao,OpenAlex como fonte de dados para sistemas nacionais de informação científica: a experiência do projeto Laguna,autor externo derivado de produções: date editorial provavelmente dispensável
carlos_renato_dos_santos_ramos,Carlos Renato dos Santos Ramos,Carlos Renato dos Santos Ramos,derived,"en,pt",1,2006,2006,specialization:1,1,Carlos Renato dos Santos Ramos,nao,nao,nao,Estimativa de esforço para manutenção de software: uma investigação preliminar,autor externo derivado de produções: date editorial provavelmente dispensável
caroline_berta,Caroline Berta,Caroline Berta,derived,"en,pt",1,2010,2010,specialization:1,1,Caroline Berta,nao,nao,nao,Uma proposta de garantia da qualidade de software através da verificação de roteiros de teste,autor externo derivado de produções: date editorial provavelmente dispensável
castro_thiago,"CASTRO, THIAGO","CASTRO, THIAGO",derived,"en,pt",2,2018,2018,article:2,1,"CASTRO, THIAGO",nao,nao,nao,All roads lead to Rome: Commuting strategies for product-line reliability analysis | Feature-family-based reliability analysis of software product lines,autor externo derivado de produções: date editorial provavelmente dispensável
cavalcanti_p_p,"CAVALCANTI, P. P.","CAVALCANTI, P. P.",derived,"en,pt",1,2022,2022,conference:1,1,"CAVALCANTI, P. P.",nao,nao,nao,Evaluation of the Change in the Quality of Reports with the Application of Gamification in a Corporative Institution,autor externo derivado de produções: date editorial provavelmente dispensável
celeste_leticia_correa,"CELESTE, LETÍCIA CORRÊA","CELESTE, LETÍCIA CORRÊA",derived,"en,pt",1,2023,2023,article:1,1,"CELESTE, LETÍCIA CORRÊA",nao,nao,nao,Usability study of a smartphone app entitled: Living with Parkinsons disease,autor externo derivado de produções: date editorial provavelmente dispensável
celia_dos_santos_de_oliveira,Célia dos Santos de Oliveira,Célia dos Santos de Oliveira,derived,"en,pt",1,2008,2008,specialization:1,1,Célia dos Santos de Oliveira,nao,nao,nao,Proposta de Melhoria no Desenvolvimento de Requisitos com base no modelo MPS.Br,autor externo derivado de produções: date editorial provavelmente dispensável
celia_higawa,Célia Kinuko Matsunaga Higawa,Célia Kinuko Matsunaga Higawa,advisor_only,"en,pt",0,,,,0,,sim,nao,nao,,orientador externo: revisar se date deve ser dispensado no schema
cerqueira_anderson,"CERQUEIRA, ANDERSON","CERQUEIRA, ANDERSON",derived,"en,pt",1,2021,2021,conference:1,1,"CERQUEIRA, ANDERSON",nao,nao,nao,Breaking one barrier at a time: how women developers cope in a men-dominated industry,autor externo derivado de produções: date editorial provavelmente dispensável
claudia_ochoa,Claudia Patricia Ochoa Diaz,Claudia Patricia Ochoa Diaz,advisor_only,"en,pt",0,,,,0,,sim,nao,nao,,orientador externo: revisar se date deve ser dispensado no schema
cordy_m,"CORDY, M.","CORDY, M.",derived,"en,pt",1,2015,2015,conference:1,1,"CORDY, M.",nao,nao,nao,Modeling and Verification for Dependability in Software Product Lines,autor externo derivado de produções: date editorial provavelmente dispensável
costa_c,"COSTA, C.","COSTA, C.",derived,"en,pt",1,2012,2012,conference:1,1,"COSTA, C.",nao,nao,nao,Influence of Affirmative Action on the Academic Performance of Undergraduate Students from a Brazilian Public University,autor externo derivado de produções: date editorial provavelmente dispensável
costa_f_f,"COSTA, F. F.","COSTA, F. F.",derived,"en,pt",1,2024,2024,workshop:1,1,"COSTA, F. F.",nao,nao,nao,Reflections on Collaborative Design: Lessons from Creating a Digital Public Service App,autor externo derivado de produções: date editorial provavelmente dispensável
costa_ricardo_lopes,"COSTA, RICARDO LOPES","COSTA, RICARDO LOPES",derived,"en,pt",1,2016,2016,conference:1,1,"COSTA, RICARDO LOPES",nao,nao,nao,Gamificação e avaliação do engajamento dos estudantes em uma disciplina técnica de curso de graduação,autor externo derivado de produções: date editorial provavelmente dispensável
cunha_g_c_a,"CUNHA, G. C. A.","CUNHA, G. C. A.",derived,"en,pt",2,2017,2018,conference:2,2,"CUNHA, G. C. A. | CUNHA, GEOVÂNIA",nao,nao,nao,Evaluating the use of gamification in mathematics learning in primary school children | Uso da gamificação nos anos iniciais do ensino fundamental brasileiro,autor externo derivado de produções: date editorial provavelmente dispensável
da_gama_pivetta_gabriela,"DA GAMA PIVETTA, GABRIELA","DA GAMA PIVETTA, GABRIELA",derived,"en,pt",1,2022,2022,conference:1,1,"DA GAMA PIVETTA, GABRIELA",nao,nao,nao,GreenGame: Solving the climate crisis in a Game to actually take action in real life,autor externo derivado de produções: date editorial provavelmente dispensável
da_silva_fabio_q_b,"DA SILVA, FABIO Q. B.","DA SILVA, FABIO Q. B.",derived,"en,pt",5,2017,2020,article:1; conference:4,2,"DA SILVA, FABIO Q. B. | SILVA, F. Q. B.",nao,nao,nao,The Teamwork Process Antecedents (TPA) Questionnaire: Developing and Validating a Comprehensive Measure for Assessing Antecedents of Teamwork Process Quality | An initial understanding of task interdependence in software engineering | Teamwork Quality and Team Success in Software Development: A Non-exact Replication Study,autor externo derivado de produções: date editorial provavelmente dispensável
de_oliveira_victor_l,"DE OLIVEIRA, VICTOR L.","DE OLIVEIRA, VICTOR L.",derived,"en,pt",1,2018,2018,conference:1,1,"DE OLIVEIRA, VICTOR L.",nao,nao,nao,An initial understanding of task interdependence in software engineering,autor externo derivado de produções: date editorial provavelmente dispensável
de_s_mariz_leila_m_r,"DE S. MARIZ, LEILA M. R.","DE S. MARIZ, LEILA M. R.",derived,"en,pt",1,2018,2018,conference:1,1,"DE S. MARIZ, LEILA M. R.",nao,nao,nao,An initial understanding of task interdependence in software engineering,autor externo derivado de produções: date editorial provavelmente dispensável
de_souza_patricia_cristiane,"de Souza, Patricia Cristiane","de Souza, Patricia Cristiane",derived,"en,pt",2,2015,2015,article:1; book chapter:1,2,"SOUZA, P. C. | de Souza, Patricia Cristiane",nao,nao,nao,A Multi-agent Architecture to Support Ubiquitous Applications in Smart Environments | A Multi-agent Architecture to Support Ubiquitous Applications in Smart Environments,autor externo derivado de produções: date editorial provavelmente dispensável
dianne_magalhaes_viana,Dianne Magalhaes Viana,Dianne Magalhaes Viana,derived,"en,pt",2,2024,2024,conference:2,2,Dianne M. Viana | Dianne Magalhaes Viana,nao,nao,nao,Implementing Neuroscientific Principles in Gamified Software Engineering Courses | Learning Indicators as Tools for Continuous Improvement in the Educational Environment,autor externo derivado de produções: date editorial provavelmente dispensável
dias_pollyanna_c_o,"DIAS, POLLYANNA C. O.","DIAS, POLLYANNA C. O.",derived,"en,pt",1,2023,2023,workshop:1,1,"DIAS, POLLYANNA C. O.",nao,nao,nao,Avaliação de Conhecimento em Engenharia de Requisitos no Startup Gov.br,autor externo derivado de produções: date editorial provavelmente dispensável
diego_j_macedo,Diego J. Macêdo,Diego J. Macêdo,derived,"en,pt",1,2009,2009,specialization:1,1,Diego J. Macêdo,nao,nao,nao,Uso do GQM para Avaliar a Complexidade de Manutenção de Sistemas Legados,autor externo derivado de produções: date editorial provavelmente dispensável
diniz_f_b,"DINIZ, F. B.","DINIZ, F. B.",derived,"en,pt",1,2012,2012,conference:1,1,"DINIZ, F. B.",nao,nao,nao,Influence of Affirmative Action on the Academic Performance of Undergraduate Students from a Brazilian Public University,autor externo derivado de produções: date editorial provavelmente dispensável
diogo_alves_miranda,Diogo Alves Miranda,Diogo Alves Miranda,derived,"en,pt",1,2010,2010,specialization:1,1,Diogo Alves Miranda,nao,nao,nao,Proposta de melhoria de um processo de manutenção,autor externo derivado de produções: date editorial provavelmente dispensável
edgard_costa_oliveira,Edgard Costa Oliveira,Edgard Costa Oliveira,derived,"en,pt",2,2018,2019,article:1; conference:1,2,"COSTA OLIVEIRA, EDGARD | Edgard Costa Oliveira",nao,nao,nao,Similarities Building a Network between Researchers based on the Curriculum Lattes Platform | Design Thinking: Challenges for Software Requirements Elicitation,autor externo derivado de produções: date editorial provavelmente dispensável
edna_canedo,Edna Canedo,Edna Canedo,advisor_only,"en,pt",0,,,,0,,sim,nao,nao,,orientador externo: revisar se date deve ser dispensado no schema
eduardo_bessa,Eduardo Bessa,Eduardo Bessa,derived,"en,pt",2,2023,2024,book:1; conference:1,2,"BESSA, E. | Eduardo Bessa",nao,nao,nao,Learning Indicators as Tools for Continuous Improvement in the Educational Environment | Indicadores de aprendizagem,autor externo derivado de produções: date editorial provavelmente dispensável
eduardo_bessa_pereira_da_silva,Eduardo Bessa Pereira da Silva,Eduardo Bessa Pereira da Silva,derived,"en,pt",1,2024,2024,conference:1,1,Eduardo Bessa Pereira da Silva,nao,nao,nao,Implementing Neuroscientific Principles in Gamified Software Engineering Courses,autor externo derivado de produções: date editorial provavelmente dispensável
eduardo_de_oliveira_e_soares,Eduardo de Oliveira e Soares,Eduardo de Oliveira e Soares,derived,"en,pt",1,2010,2010,specialization:1,1,Eduardo de Oliveira e Soares,nao,nao,nao,Proposta de uso de técnicas de persuasão no tratamento de resistências no processo de engenharia de requisitos de um software,autor externo derivado de produções: date editorial provavelmente dispensável
eduardo_pinto_barbosa,Eduardo Pinto Barbosa,Eduardo Pinto Barbosa,derived,"en,pt",1,2013,2013,tcc:1,1,Eduardo Pinto Barbosa,nao,nao,nao,Validade em Processos de Contratação de Fábrica de Software Baseado em Princípios Ágeis,autor externo derivado de produções: date editorial provavelmente dispensável
einstein_oliveira,Einstein Oliveira,Einstein Oliveira,derived,"en,pt",1,2011,2011,specialization:1,1,Einstein Oliveira,nao,nao,nao,Computação em Nuvem: Redução de custos e Segurança da Informação,autor externo derivado de produções: date editorial provavelmente dispensável
el_fallah_seghrouchni_amal,"El Fallah Seghrouchni, Amal","El Fallah Seghrouchni, Amal",derived,"en,pt",1,2015,2015,book chapter:1,1,"El Fallah Seghrouchni, Amal",nao,nao,nao,A Multi-agent Architecture to Support Ubiquitous Applications in Smart Environments,autor externo derivado de produções: date editorial provavelmente dispensável
elaine_venson,Elaine Venson,Elaine Venson,derived,"en,pt",7,2014,2025,conference:6; workshop:1,4,"Elaine VENSON | Elaine Venson | VENSON, E. | VENSON, ELAINE",nao,nao,nao,Reflections on Collaborative Design: Lessons from Creating a Digital Public Service App | Reflections on Collaborative Design: Lessons from Creating a Digital Public Service App | TBL as an active learning-teaching methodology for software engineering courses,autor externo derivado de produções: date editorial provavelmente dispensável
elcio_gomes_p_martins,Élcio Gomes P. Martins,Élcio Gomes P. Martins,derived,"en,pt",1,2009,2009,specialization:1,1,Élcio Gomes P. Martins,nao,nao,nao,Comunicação como fator primordial no gerenciamento de projetos,autor externo derivado de produções: date editorial provavelmente dispensável
eloisa_toffano_seidel_masson,Eloisa Toffano Seidel Masson,Eloisa Toffano Seidel Masson,derived,"en,pt",3,2018,2019,book:1; conference:2,3,"Eloisa Toffano Seidel Masson | MASSON, E. | MASSON, ELOISA",nao,nao,nao,"Ensino SUPERIOR com metodologias ativas: na prática, como se faz | Requisitos de Qualidade de Usabilidade: análise da utilização em sistemas de uma instituição financeira | Quality Requirements: Analysis of Utilization in the Systems of a Financial Institution",autor externo derivado de produções: date editorial provavelmente dispensável
emeli_braosi,Emeli Braosi,Emeli Braosi,derived,"en,pt",1,2019,2019,conference:1,1,Emeli Braosi,nao,nao,nao,Quality Requirements: Analysis of Utilization in the Systems of a Financial Institution,autor externo derivado de produções: date editorial provavelmente dispensável
endo_l,"Endo, L","Endo, L",derived,"en,pt",1,2016,2016,conference:1,1,"Endo, L",nao,nao,nao,Supportive metrics to estimate the effort to develop Business Intelligence system,autor externo derivado de produções: date editorial provavelmente dispensável
erven_r_v,"ERVEN, R. V.","ERVEN, R. V.",derived,"en,pt",1,2023,2023,conference:1,1,"ERVEN, R. V.",nao,nao,nao,Gamification project to receive continuous feedback in the context of the evolution of public service for lawyers,autor externo derivado de produções: date editorial provavelmente dispensável
erven_ricardo_cordeiro_galvao_santana_van,"ERVEN, RICARDO CORDEIRO GALVÃO SANTANA VAN","ERVEN, RICARDO CORDEIRO GALVÃO SANTANA VAN",derived,"en,pt",1,2023,2023,workshop:1,1,"ERVEN, RICARDO CORDEIRO GALVÃO SANTANA VAN",nao,nao,nao,Avaliação de Conhecimento em Engenharia de Requisitos no Startup Gov.br,autor externo derivado de produções: date editorial provavelmente dispensável
fechine_v_m_r,"FECHINE, V. M. R.","FECHINE, V. M. R.",derived,"en,pt",1,2021,2021,article:1,1,"FECHINE, V. M. R.",nao,nao,nao,"Instrumento de ação pública: edital de inclusão digital para retomada das atividades acadêmicas dos estudantes da Universidade de Brasília, no contexto da pandemia da COVID-19",autor externo derivado de produções: date editorial provavelmente dispensável
fernandes_m_v,"FERNANDES, M. V.","FERNANDES, M. V.",derived,"en,pt",3,2016,2017,conference:3,2,"FERNANDES, M. V. | FERNANDES, MAURICIO VIDOTTI",nao,nao,nao,Evaluation of an Automatic Essay Correction System Used as an Assessment Tool | An automatic essay correction for an active learning environment | An Integrated Approach to the Requirements Engineering and Process Modelling Teaching,autor externo derivado de produções: date editorial provavelmente dispensável
fernando_de_albuquerque_guimaraes,Fernando de Albuquerque Guimarães,Fernando de Albuquerque Guimarães,derived,"en,pt",3,2018,2019,book:1; conference:2,3,"Fernando de Albuquerque Guimarães | GUIMARAES, F. | GUIMARÃES, FERNANDO",nao,nao,nao,"Ensino SUPERIOR com metodologias ativas: na prática, como se faz | Requisitos de Qualidade de Usabilidade: análise da utilização em sistemas de uma instituição financeira | Quality Requirements: Analysis of Utilization in the Systems of a Financial Institution",autor externo derivado de produções: date editorial provavelmente dispensável
fernando_g,"FERNANDO, G.","FERNANDO, G.",derived,"en,pt",1,2016,2016,article:1,1,"FERNANDO, G.",nao,nao,nao,Proposta de modelo de medições para contratação do gerenciamento de processo de negócio (Business Process Management - BPM),autor externo derivado de produções: date editorial provavelmente dispensável
fernando_marinho_do_nascimento,Fernando Marinho do Nascimento,Fernando Marinho do Nascimento,derived,"en,pt",1,2012,2012,specialization:1,1,Fernando Marinho do Nascimento,nao,nao,nao,Plano de contingência para ferramentos de desenvolvimento de software,autor externo derivado de produções: date editorial provavelmente dispensável
ferreira_g_v,"FERREIRA, G. V.","FERREIRA, G. V.",derived,"en,pt",3,2019,2022,article:2; conference:1,1,"FERREIRA, G. V.",nao,nao,nao,"Escolha Estratégica em Processos Seletivos: análises da alteração de opção inicial de candidatos no SISUnB, e seus efeitos na evasão | Formas de ingresso em perspectiva comparada: por que o SISU aumenta a evasão? O caso da UNB | Formas de Ingresso em Perspectiva Comparada: Porque o Sisu aumenta a evasão - o caso da UnB",autor externo derivado de produções: date editorial provavelmente dispensável
flores_edna_lucia,"FLÔRES, EDNA LÚCIA","FLÔRES, EDNA LÚCIA",derived,"en,pt",1,2015,2015,article:1,1,"FLÔRES, EDNA LÚCIA",nao,nao,nao,A concept-environment for computer-based augmentative and alternative communication founded on a systematic review,autor externo derivado de produções: date editorial provavelmente dispensável
franca_c,"França, C.","França, C.",derived,"en,pt",1,2017,2017,conference:1,1,"França, C.",nao,nao,nao,Team Maturity in Software Engineering Teams,autor externo derivado de produções: date editorial provavelmente dispensável
gabriela_yukari_iwama,Gabriela Yukari Iwama,Gabriela Yukari Iwama,derived,"en,pt",1,2020,2020,article:1,1,Gabriela Yukari Iwama,nao,nao,nao,A Systematic Review of Indicators for Evaluating the Effectiveness of Digital Public Services,autor externo derivado de produções: date editorial provavelmente dispensável
gardenghi_j_l_c,"GARDENGHI, J. L. C.","GARDENGHI, J. L. C.",derived,"en,pt",1,2024,2024,workshop:1,1,"GARDENGHI, J. L. C.",nao,nao,nao,Reflections on Collaborative Design: Lessons from Creating a Digital Public Service App,autor externo derivado de produções: date editorial provavelmente dispensável
giovanna_galvao_novaes_santana,Giovanna Galvão Novaes Santana,Giovanna Galvão Novaes Santana,derived,"en,pt",1,2025,2025,conference:1,1,Giovanna Galvão Novaes Santana,nao,nao,nao,Fast Track for Collaborative Solutions: A Methodology for Public Service Design Workshops Supported by LLMs,autor externo derivado de produções: date editorial provavelmente dispensável
glauco_vitor_pedrosa,Glauco Vitor Pedrosa,Glauco Vitor Pedrosa,derived,"en,pt",4,2020,2024,article:2; conference:1; workshop:1,3,"Glauco Vitor Pedrosa | PEDROSA, G. V. | PEDROSA, GLAUCO",nao,nao,nao,"Reflections on Collaborative Design: Lessons from Creating a Digital Public Service App | Digital Transformation of Public Services in a Startup-Based Environment: Job Perceptions, Relationships, Potentialities and Restrictions | Digital Transformation of Public Services from the Perception of ICT Practitioners in a Startup-Based Environment",autor externo derivado de produções: date editorial provavelmente dispensável
gleisse_amalia_nogueira,Gleisse Amalia Nogueira,Gleisse Amalia Nogueira,derived,"en,pt",1,2008,2008,specialization:1,1,Gleisse Amalia Nogueira,nao,nao,nao,Proposta para a melhoria da Gerência de Requisitos de uma Coordenação de Desenvolvimento de Sistemas,autor externo derivado de produções: date editorial provavelmente dispensável
gomes_r_l,"GOMES, R. L.","GOMES, R. L.",derived,"en,pt",1,2020,2020,workshop:1,1,"GOMES, R. L.",nao,nao,nao,Internet das Coisas como Plataforma Multidisciplinar de Aprendizagem: Projetos Integradores Hardware/Software,autor externo derivado de produções: date editorial provavelmente dispensável
gomide_renato_de_sousa,"GOMIDE, RENATO DE SOUSA","GOMIDE, RENATO DE SOUSA",derived,"en,pt",1,2015,2015,article:1,1,"GOMIDE, RENATO DE SOUSA",nao,nao,nao,A concept-environment for computer-based augmentative and alternative communication founded on a systematic review,autor externo derivado de produções: date editorial provavelmente dispensável
gorodkin_jan,"GORODKIN, JAN","GORODKIN, JAN",derived,"en,pt",1,2020,2020,article:1,1,"GORODKIN, JAN",nao,nao,nao,Using GPU to accelerate the pairwise structural RNA alignment with base pair probabilities,autor externo derivado de produções: date editorial provavelmente dispensável
gustavo_brito_dos_santos,Gustavo Brito dos Santos,Gustavo Brito dos Santos,derived,"en,pt",1,2009,2009,specialization:1,1,Gustavo Brito dos Santos,nao,nao,nao,Comparativo do MPS.BR com a metodologia e acompanhamento de projetos da ACTI,autor externo derivado de produções: date editorial provavelmente dispensável
habl_lui,"HABL, LUI","HABL, LUI",derived,"en,pt",1,2025,2025,workshop:1,1,"HABL, LUI",nao,nao,nao,Aplicação multithread para a aceleração do método Particle-in-Cell (PIC),autor externo derivado de produções: date editorial provavelmente dispensável
havgaard_jakob_h,"HAVGAARD, JAKOB H.","HAVGAARD, JAKOB H.",derived,"en,pt",1,2020,2020,article:1,1,"HAVGAARD, JAKOB H.",nao,nao,nao,Using GPU to accelerate the pairwise structural RNA alignment with base pair probabilities,autor externo derivado de produções: date editorial provavelmente dispensável
heber_almeida_barbosa,Heber Almeida Barbosa,Heber Almeida Barbosa,derived,"en,pt",2,2006,2006,conference:1; specialization:1,2,"Barbosa, H. A. | Heber Almeida Barbosa",nao,nao,nao,Sistemas de Detecção de Invasão em Redes de Automação Industrial | Detecção de Intrusão em Redes de Automação Industrial,autor externo derivado de produções: date editorial provavelmente dispensável
henrique_gomes_de_moura,Henrique Gomes de Moura,Henrique Gomes de Moura,derived,"en,pt",1,2025,2025,conference:1,1,Henrique Gomes de Moura,nao,nao,nao,Fast Track for Collaborative Solutions: A Methodology for Public Service Design Workshops Supported by LLMs,autor externo derivado de produções: date editorial provavelmente dispensável
higor_estevan_do_carmo_rodrigues,Hígor Estevan do Carmo Rodrigues,Hígor Estevan do Carmo Rodrigues,derived,"en,pt",1,2010,2010,specialization:1,1,Hígor Estevan do Carmo Rodrigues,nao,nao,nao,Proposta de Processo de Teste Baseado no CMMI Maturity Level 3,autor externo derivado de produções: date editorial provavelmente dispensável
hugo_ferreira_martins,Hugo Ferreira Martins,Hugo Ferreira Martins,derived,"en,pt",1,2019,2019,article:1,1,Hugo Ferreira Martins,nao,nao,nao,Design Thinking: Challenges for Software Requirements Elicitation,autor externo derivado de produções: date editorial provavelmente dispensável
igor_marrocos,Igor Marrocos,Igor Marrocos,derived,"en,pt",1,2010,2010,specialization:1,1,Igor Marrocos,nao,nao,nao,Análise e resolução de causas de problemas: propondo melhorias de processos de software,autor externo derivado de produções: date editorial provavelmente dispensável
imbroisi_d,"IMBROISI, D.","IMBROISI, D.",derived,"en,pt",3,2019,2022,article:2; conference:1,1,"IMBROISI, D.",nao,nao,nao,"Escolha Estratégica em Processos Seletivos: análises da alteração de opção inicial de candidatos no SISUnB, e seus efeitos na evasão | Formas de ingresso em perspectiva comparada: por que o SISU aumenta a evasão? O caso da UNB | Formas de Ingresso em Perspectiva Comparada: Porque o Sisu aumenta a evasão - o caso da UnB",autor externo derivado de produções: date editorial provavelmente dispensável
jairo_nobrega_martinez,Jairo Nóbrega Martínez,Jairo Nóbrega Martínez,derived,"en,pt",1,2010,2010,specialization:1,1,Jairo Nóbrega Martínez,nao,nao,nao,"Barreiras que dificultam o uso de processos de desenvolvimento de software, em Empresas conservadoras",autor externo derivado de produções: date editorial provavelmente dispensável
janaina_almeida_de_deus,Janaína Almeida de Deus,Janaína Almeida de Deus,derived,"en,pt",1,2006,2006,specialization:1,1,Janaína Almeida de Deus,nao,nao,nao,Documentação essencial para avaliação de sistemas legados: um estudo preliminar,autor externo derivado de produções: date editorial provavelmente dispensável
jeysel_de_paula_martins,Jeysel de Paula Martins,Jeysel de Paula Martins,derived,"en,pt",1,2010,2010,specialization:1,1,Jeysel de Paula Martins,nao,nao,nao,"Proposta de atividades, baseadas no RUP, para solução de problemas atuais da fábrica de software da UCB",autor externo derivado de produções: date editorial provavelmente dispensável
jobson_magalhaes_dantas,Jobson Magalhães Dantas,Jobson Magalhães Dantas,derived,"en,pt",2,2013,2018,book chapter:1; specialization:1,2,"DANTAS, J. M. | Jobson Magalhães Dantas",nao,nao,nao,Gestão de Continuidade de Serviços de TI: Site de Contingência | Gestão de Continuidade de Serviços de TI: Site de Contingência,autor externo derivado de produções: date editorial provavelmente dispensável
jose_augusto_da_fonseca,José Augusto da Fonseca,José Augusto da Fonseca,derived,"en,pt",1,2014,2014,specialization:1,1,José Augusto da Fonseca,nao,nao,nao,Padronização de procedimentos no uso de documentos e informações com base na análise e avaliação de riscos: Estudo de Caso na Seção de Inspeção do Trabalho em Sergipe,autor externo derivado de produções: date editorial provavelmente dispensável
jube_d,"JUBE, D.","JUBE, D.",derived,"en,pt",1,2023,2023,conference:1,1,"JUBE, D.",nao,nao,nao,Gamification project to receive continuous feedback in the context of the evolution of public service for lawyers,autor externo derivado de produções: date editorial provavelmente dispensável
jube_demetrius_de_almeida,"JUBÉ, DEMÉTRIUS DE ALMEIDA","JUBÉ, DEMÉTRIUS DE ALMEIDA",derived,"en,pt",1,2023,2023,workshop:1,1,"JUBÉ, DEMÉTRIUS DE ALMEIDA",nao,nao,nao,Avaliação de Conhecimento em Engenharia de Requisitos no Startup Gov.br,autor externo derivado de produções: date editorial provavelmente dispensável
judice_a_c_b,"JUDICE, A. C. B.","JUDICE, A. C. B.",derived,"en,pt",1,2024,2024,workshop:1,1,"JUDICE, A. C. B.",nao,nao,nao,Reflections on Collaborative Design: Lessons from Creating a Digital Public Service App,autor externo derivado de produções: date editorial provavelmente dispensável
judice_m,"JUDICE, M.","JUDICE, M.",derived,"en,pt",1,2024,2024,workshop:1,1,"JUDICE, M.",nao,nao,nao,Reflections on Collaborative Design: Lessons from Creating a Digital Public Service App,autor externo derivado de produções: date editorial provavelmente dispensável
julia_de_souza,Julia de Souza,Julia de Souza,derived,"en,pt",1,2025,2025,conference:1,1,Julia de Souza,nao,nao,nao,Reflections on Collaborative Design: Lessons from Creating a Digital Public Service App,autor externo derivado de produções: date editorial provavelmente dispensável
julia_rocha_fortunato,Júlia Rocha Fortunato,Júlia Rocha Fortunato,derived,"en,pt",1,2025,2025,conference:1,1,Júlia Rocha Fortunato,nao,nao,nao,"Repensando a educação em IHC: gamificação, heurísticas e aprendizagem baseada em projetos em ação",autor externo derivado de produções: date editorial provavelmente dispensável
karine_santos_valenca,Karine Santos Valença,Karine Santos Valença,derived,"en,pt",2,2016,2016,conference:2,2,"Karine Santos Valença | VALENCA, K. S.",nao,nao,nao,Proposed Data Model for a Historical Base Tool | Metamodeling applied to a measurement system,autor externo derivado de produções: date editorial provavelmente dispensável
kiane_mabel_fialho_rezende,Kiane Mabel Fialho Rezende,Kiane Mabel Fialho Rezende,derived,"en,pt",1,2019,2019,conference:1,1,Kiane Mabel Fialho Rezende,nao,nao,nao,Quality Requirements: Analysis of Utilization in the Systems of a Financial Institution,autor externo derivado de produções: date editorial provavelmente dispensável
kleiber_damian_de_souza,Kleiber Damian de Souza,Kleiber Damian de Souza,derived,"en,pt",1,2014,2014,specialization:1,1,Kleiber Damian de Souza,nao,nao,nao,Avaliação da Maturidade em Gestão da Segurança da Informação de uma Organização da Administração Pública Federal,autor externo derivado de produções: date editorial provavelmente dispensável
larissa_de_medeiros_torres_santos,Larissa de Medeiros Torres Santos,Larissa de Medeiros Torres Santos,derived,"en,pt",1,2014,2014,specialization:1,1,Larissa de Medeiros Torres Santos,nao,nao,nao,Como Comunicar Erros de Segurança da Informação e Comunicações de um Software Crítico em uma Instituição Pública Federal de Ensino Superior,autor externo derivado de produções: date editorial provavelmente dispensável
leandro_barbosa_martins,Leandro Barbosa Martins,Leandro Barbosa Martins,derived,"en,pt",3,2012,2018,book chapter:1; specialization:2,2,"Leandro Barbosa Martins | MARTINS, L. B.",nao,nao,nao,Gestão de riscos e governança de TI aplicada à rede de comunicação governamental | Gestão de Riscos e Governança de TI Aplicada à Rede de Comunicação Governamental | Gestão de Riscos e Governança de TI Aplicada à Rede de Comunicação Governamental,autor externo derivado de produções: date editorial provavelmente dispensável
leao_h_a_t,"LEAO, H. A. T.","LEAO, H. A. T.",derived,"en,pt",2,2018,2018,article:1; conference:1,2,"LEAO, H. A. T. | LEÃO, HELOISE",nao,nao,nao,Analysis of the Risk Management Process on the Development of the Public Sector Information Technology Master Plan | Gamificação aplicada ao desenvolvimento de software: Análise e Projeto,autor externo derivado de produções: date editorial provavelmente dispensável
leda_cardoso_s_pinto,Leda Cardoso S. Pinto,Leda Cardoso S. Pinto,derived,"en,pt",3,2024,2026,conference:3,1,Leda Cardoso S. Pinto,nao,nao,nao,Crafting Personalized Learning Environments Through Motivational Profiling | A Process to Identify Players’ Motivational Profiles for Designing a Gamification Project | Gamifying Science Communication: An Experience Report of Jornada Galáctica at Canal Ciência,autor externo derivado de produções: date editorial provavelmente dispensável
legay_a,"LEGAY, A.","LEGAY, A.",derived,"en,pt",1,2015,2015,conference:1,1,"LEGAY, A.",nao,nao,nao,Modeling and Verification for Dependability in Software Product Lines,autor externo derivado de produções: date editorial provavelmente dispensável
leides_barroso_de_azevedo_moura,Leides Barroso de Azevedo Moura,Leides Barroso de Azevedo Moura,derived,"en,pt",4,2024,2026,article:3; conference:1,1,Leides Barroso de Azevedo Moura,nao,nao,nao,Cidadania Digital e Mediação Informacional no Uso de Serviços de e-Gov por Pessoas Idosas: um estudo no Distrito Federal | ASPÉCTOS DE QUALIDADE DE PRODUTO DE SOFTWARE NO USO DE E-GOV: UMA ANÁLISE BASEADA NAS PERSPECTIVAS DE PESSOAS IDOSAS EM UMA CIDADE NO BRASIL | Inclusão participativa de pessoas idosas usando e-Gov no Brasil: um mapeamento sistemático de literatura,autor externo derivado de produções: date editorial provavelmente dispensável
leite_leticia_lopes,"Leite, Letícia Lopes","Leite, Letícia Lopes",derived,"en,pt",4,2018,2021,book chapter:1; book_section:1; conference:2,2,"LEITE, L. L. | Leite, Letícia Lopes",nao,nao,nao,Programa Aprendizagem para o 3º Milênio (A3M) | Programa A3M: construção e socialização de ações pedagógicas inovadoras na UNB | Programa Aprendizagem para o 3º Milênio (A3M): Identificando o processo de Mediação Pedagógica em Espaços Integrados de Ensino e Aprendizagem,autor externo derivado de produções: date editorial provavelmente dispensável
lekamlage_charitha,"LEKAMLAGE, CHARITHA","LEKAMLAGE, CHARITHA",derived,"en,pt",1,2022,2022,article:1,1,"LEKAMLAGE, CHARITHA",nao,nao,nao,Value-Based Software Engineering: A Systematic Mapping Study,autor externo derivado de produções: date editorial provavelmente dispensável
lemes_r_f,"LEMES, R. F.","LEMES, R. F.",derived,"en,pt",1,2019,2019,conference:1,1,"LEMES, R. F.",nao,nao,nao,Uso do algoritmo Apriori na avaliação da motivação em uma gamificação,autor externo derivado de produções: date editorial provavelmente dispensável
lemos_rodrigo_pinto,"LEMOS, RODRIGO PINTO","LEMOS, RODRIGO PINTO",derived,"en,pt",1,2015,2015,article:1,1,"LEMOS, RODRIGO PINTO",nao,nao,nao,A concept-environment for computer-based augmentative and alternative communication founded on a systematic review,autor externo derivado de produções: date editorial provavelmente dispensável
leonardo_lima_de_menezes,Leonardo Lima de Menezes,Leonardo Lima de Menezes,derived,"en,pt",1,2009,2009,specialization:1,1,Leonardo Lima de Menezes,nao,nao,nao,Uma Pesquisa Sobre a Prática da Atividade de Validação dos Requisitos nas Empresas,autor externo derivado de produções: date editorial provavelmente dispensável
lima_thiago_s,"LIMA, THIAGO S.","LIMA, THIAGO S.",derived,"en,pt",2,2016,2017,conference:2,2,"LIMA, THIAGO | LIMA, THIAGO S.",nao,nao,nao,Gamification in education: A methodology to identify student's profile | Gamificação e avaliação do engajamento dos estudantes em uma disciplina técnica de curso de graduação,autor externo derivado de produções: date editorial provavelmente dispensável
lima_victor_cotrim_de,"LIMA, VICTOR COTRIM DE","LIMA, VICTOR COTRIM DE",derived,"en,pt",1,2016,2016,conference:1,1,"LIMA, VICTOR COTRIM DE",nao,nao,nao,Smart Quizzes in the Engineering Education,autor externo derivado de produções: date editorial provavelmente dispensável
loja_l_f_b,"LOJA, L. F. B.","LOJA, L. F. B.",derived,"en,pt",2,2015,2015,article:1; book:1,2,"LOJA, L. F. B. | LOJA, LUIZ FERNANDO BATISTA",nao,nao,nao,Sinfonia: orquestrando processos de negócio | A concept-environment for computer-based augmentative and alternative communication founded on a systematic review,autor externo derivado de produções: date editorial provavelmente dispensável
lourenco_v,"LOURENCO, V.","LOURENCO, V.",derived,"en,pt",1,2017,2017,conference:1,1,"LOURENCO, V.",nao,nao,nao,Programa Aprendizagem para o Terceiro Milênio (A3M): política de valorização e promoção de ações educacionais inovadoras na Universidade de Brasília,autor externo derivado de produções: date editorial provavelmente dispensável
lozzi_s,"LOZZI, S.","LOZZI, S.",derived,"en,pt",1,2012,2012,conference:1,1,"LOZZI, S.",nao,nao,nao,Influence of Affirmative Action on the Academic Performance of Undergraduate Students from a Brazilian Public University,autor externo derivado de produções: date editorial provavelmente dispensável
lucena_tiago_franklin_r,"LUCENA, TIAGO FRANKLIN R.","LUCENA, TIAGO FRANKLIN R.",derived,"en,pt",2,2016,2016,conference:2,1,"LUCENA, TIAGO FRANKLIN R.",nao,nao,nao,A tool for students' grouping in classroom | Smart Quizzes in the Engineering Education,autor externo derivado de produções: date editorial provavelmente dispensável
lucia_freire_vieira,Lúcia Freire Vieira,Lúcia Freire Vieira,derived,"en,pt",1,2006,2006,specialization:1,1,Lúcia Freire Vieira,nao,nao,nao,Documentação essencial para avaliação de sistemas legados: um estudo preliminar,autor externo derivado de produções: date editorial provavelmente dispensável
macedo_h,"MACEDO, H.","MACEDO, H.",derived,"en,pt",1,2018,2018,conference:1,1,"MACEDO, H.",nao,nao,nao,Programa Aprendizagem para o 3º Milênio (A3M): Identificando o processo de Mediação Pedagógica em Espaços Integrados de Ensino e Aprendizagem,autor externo derivado de produções: date editorial provavelmente dispensável
macedo_harineide_madeira,"Macedo, Harineide Madeira","Macedo, Harineide Madeira",derived,"en,pt",1,2019,2019,book chapter:1,1,"Macedo, Harineide Madeira",nao,nao,nao,PROGRAMA APRENDIZAGEM PARA O 3º MILÊNIO (A3M): PROMOVENDO A INSTITUCIONALIZAÇÃO DE AÇÕES INOVADORAS NA UNB,autor externo derivado de produções: date editorial provavelmente dispensável
maciel_a_a_f,"MACIEL, A. A. F.","MACIEL, A. A. F.",derived,"en,pt",1,2018,2018,conference:1,1,"MACIEL, A. A. F.",nao,nao,nao,Gamificação aplicada ao desenvolvimento de software: Análise e Projeto,autor externo derivado de produções: date editorial provavelmente dispensável
maciel_c,"MACIEL, C.","MACIEL, C.",derived,"en,pt",5,2015,2022,article:2; book chapter:1; conference:2,2,"MACIEL, C. | MACIEL, CRISTIANO",nao,nao,nao,Defining Digital Legacy Management Systems' Requirements | A Multi-agent Architecture to Support Ubiquitous Applications in Smart Environments | MyStory: um protótipo de sistema com vistas à imortalidade digital,autor externo derivado de produções: date editorial provavelmente dispensável
marcia_renata_mortari,Marcia Renata Mortari,Marcia Renata Mortari,derived,"en,pt",3,2023,2024,book:1; conference:2,3,"MORTARI, M. R. | Marcia Renata Mortari | Márcia R. Mortari",nao,nao,nao,Implementing Neuroscientific Principles in Gamified Software Engineering Courses | Learning Indicators as Tools for Continuous Improvement in the Educational Environment | Indicadores de aprendizagem,autor externo derivado de produções: date editorial provavelmente dispensável
marcianne_ribeiro_antunes_lima,Marcianne Ribeiro Antunes Lima,Marcianne Ribeiro Antunes Lima,derived,"en,pt",1,2006,2006,specialization:1,1,Marcianne Ribeiro Antunes Lima,nao,nao,nao,Autenticação em Redes Mistas,autor externo derivado de produções: date editorial provavelmente dispensável
marcios_messias_fernandes_da_silva,Márcios Messias Fernandes da Silva,Márcios Messias Fernandes da Silva,derived,"en,pt",1,2007,2007,specialization:1,1,Márcios Messias Fernandes da Silva,nao,nao,nao,Uso da APF para medição de tamanho de sistemas do tipo workflow,autor externo derivado de produções: date editorial provavelmente dispensável
maria_clara_oleari_de_araujo,Maria Clara Oleari de Araújo,Maria Clara Oleari de Araújo,derived,"en,pt",1,2025,2025,conference:1,1,Maria Clara Oleari de Araújo,nao,nao,nao,"Repensando a educação em IHC: gamificação, heurísticas e aprendizagem baseada em projetos em ação",autor externo derivado de produções: date editorial provavelmente dispensável
maria_eva_macedo,Maria Eva Macedo,Maria Eva Macedo,derived,"en,pt",1,2010,2010,specialization:1,1,Maria Eva Macedo,nao,nao,nao,Proposta de melhoria do processo de gerência de projetos para uma fábrica de software,autor externo derivado de produções: date editorial provavelmente dispensável
mariani_c_b,"MARIANI, C. B.","MARIANI, C. B.",derived,"en,pt",1,2021,2021,article:1,1,"MARIANI, C. B.",nao,nao,nao,"Instrumento de ação pública: edital de inclusão digital para retomada das atividades acadêmicas dos estudantes da Universidade de Brasília, no contexto da pandemia da COVID-19",autor externo derivado de produções: date editorial provavelmente dispensável
marilia_miranda,Marilia Miranda Forte Gomes,Marilia Miranda Forte Gomes,advisor_only,"en,pt",0,,,,0,,sim,nao,nao,,orientador externo: revisar se date deve ser dispensado no schema
mauricio_de_almeida_silva,Maurício de Almeida Silva,Maurício de Almeida Silva,derived,"en,pt",1,2014,2014,specialization:1,1,Maurício de Almeida Silva,nao,nao,nao,"Proposta de Implantação de Melhores Práticas de Segurança de Informação na Metodologia de Desenvolvimento de Sistemas, em Órgão da Administração Pública Federal",autor externo derivado de produções: date editorial provavelmente dispensável
maylon_feliz_brito,Maylon Feliz Brito,Maylon Feliz Brito,derived,"en,pt",1,2013,2013,tcc:1,1,Maylon Feliz Brito,nao,nao,nao,Transferência de conhecimento em processos de software nas contratações de fábricas pelo governo federal brasileiro,autor externo derivado de produções: date editorial provavelmente dispensável
melo_alba_c_m_a,"Melo, Alba C. M. A.","Melo, Alba C. M. A.",derived,"en,pt",2,2020,2025,article:1; conference:1,1,"Melo, Alba C. M. A.",nao,nao,nao,PA-Star2: Fast Optimal Multiple Sequence Alignment for Asymmetric Multicore Processors | Using GPU to accelerate the pairwise structural RNA alignment with base pair probabilities,autor externo derivado de produções: date editorial provavelmente dispensável
melo_livia_veleda_de_sousa_e,"Melo, Lívia Veleda de Sousa e","Melo, Lívia Veleda de Sousa e",derived,"en,pt",6,2017,2021,book chapter:1; book_section:1; conference:4,3,"MELO, L. A. | MELO, L. V. S. E. | Melo, Lívia Veleda de Sousa e",nao,nao,nao,Programa Aprendizagem para o 3º Milênio (A3M) | Programa A3M: construção e socialização de ações pedagógicas inovadoras na UNB | Programa Aprendizagem para o 3º Milênio (A3M): Identificando o processo de Mediação Pedagógica em Espaços Integrados de Ensino e Aprendizagem,autor externo derivado de produções: date editorial provavelmente dispensável
mendes_e,"Mendes, E.","Mendes, E.",derived,"en,pt",4,2019,2022,article:3; conference:1,3,"MENDES, EMILIA | MENDES, EMÍLIA | Mendes, E.",nao,nao,nao,Value-Based Software Engineering: A Systematic Mapping Study | Insights on the relationship between decision-making style and personality in Software Engineering | The relationship between personality and decision-making: A Systematic literature review,autor externo derivado de produções: date editorial provavelmente dispensável
morellato_l,"MORELLATO, L.","MORELLATO, L.",derived,"en,pt",1,2009,2009,conference:1,1,"MORELLATO, L.",nao,nao,nao,Evaluation of an information retrieval model based in anaphora resolution,autor externo derivado de produções: date editorial provavelmente dispensável
mota_v_f_s,"MOTA, V. F. S.","MOTA, V. F. S.",derived,"en,pt",1,2020,2020,workshop:1,1,"MOTA, V. F. S.",nao,nao,nao,Internet das Coisas como Plataforma Multidisciplinar de Aprendizagem: Projetos Integradores Hardware/Software,autor externo derivado de produções: date editorial provavelmente dispensável
nayara_bruna,"NAYARA, BRUNA","NAYARA, BRUNA",derived,"en,pt",1,2016,2016,conference:1,1,"NAYARA, BRUNA",nao,nao,nao,Metodologia para avaliação da gamificação em jogos,autor externo derivado de produções: date editorial provavelmente dispensável
neubert_patricia_da_silva,"NEUBERT, PATRICIA DA SILVA","NEUBERT, PATRICIA DA SILVA",derived,"en,pt",1,2024,2024,conference:1,1,"NEUBERT, PATRICIA DA SILVA",nao,nao,nao,OpenAlex como fonte de dados para sistemas nacionais de informação científica: a experiência do projeto Laguna,autor externo derivado de produções: date editorial provavelmente dispensável
nivia_c_queiroz,Nívia C. Queiroz,Nívia C. Queiroz,derived,"en,pt",1,2010,2010,specialization:1,1,Nívia C. Queiroz,nao,nao,nao,Aplicação de um método para Engenharia Reversa em sistemas legados,autor externo derivado de produções: date editorial provavelmente dispensável
nogueira_teresinha_de_jesus_araujo_magalhaes,"Nogueira, Teresinha de Jesus Araújo Magalhães","Nogueira, Teresinha de Jesus Araújo Magalhães",derived,"en,pt",5,2017,2021,book chapter:1; book_section:1; conference:3,4,"NOGUEIRA, T. J. | NOGUEIRA, T. J. A. | NOGUEIRA, T. J. A. M. | Nogueira, Teresinha de Jesus Araújo Magalhães",nao,nao,nao,Programa Aprendizagem para o 3º Milênio (A3M) | PROGRAMA APRENDIZAGEM PARA O 3º MILÊNIO (A3M): PROMOVENDO A INSTITUCIONALIZAÇÃO DE AÇÕES INOVADORAS NA UNB | Programa A3M: construção e socialização de ações pedagógicas inovadoras na UNB,autor externo derivado de produções: date editorial provavelmente dispensável
nunes_eunice_p_dos_santos,"NUNES, EUNICE P. DOS SANTOS","NUNES, EUNICE P. DOS SANTOS",derived,"en,pt",1,2022,2022,conference:1,1,"NUNES, EUNICE P. DOS SANTOS",nao,nao,nao,MyStory: um protótipo de sistema com vistas à imortalidade digital,autor externo derivado de produções: date editorial provavelmente dispensável
nunes_v,"NUNES, V.","NUNES, V.",derived,"en,pt",1,2015,2015,conference:1,1,"NUNES, V.",nao,nao,nao,Modeling and Verification for Dependability in Software Product Lines,autor externo derivado de produções: date editorial provavelmente dispensável
oivo_markku,"OIVO, MARKKU","OIVO, MARKKU",derived,"en,pt",1,2021,2021,article:1,1,"OIVO, MARKKU",nao,nao,nao,Insights on the relationship between decision-making style and personality in Software Engineering,autor externo derivado de produções: date editorial provavelmente dispensável
okimoto_marcio,"OKIMOTO, MARCIO","OKIMOTO, MARCIO",derived,"en,pt",1,2021,2021,conference:1,1,"OKIMOTO, MARCIO",nao,nao,nao,Breaking one barrier at a time: how women developers cope in a men-dominated industry,autor externo derivado de produções: date editorial provavelmente dispensável
oliveira_j_l,"OLIVEIRA, J. L.","OLIVEIRA, J. L.",derived,"en,pt",1,2015,2015,book:1,1,"OLIVEIRA, J. L.",nao,nao,nao,Sinfonia: orquestrando processos de negócio,autor externo derivado de produções: date editorial provavelmente dispensável
oliveira_k_m,"OLIVEIRA, K. M.","OLIVEIRA, K. M.",derived,"en,pt",2,2015,2015,conference:2,1,"OLIVEIRA, K. M.",nao,nao,nao,Critical issues in SPI Programs: A Holistic View | Planejamento de Programa de Melhoria Abordagem Multimodelo,autor externo derivado de produções: date editorial provavelmente dispensável
otavio_gomes_lumba_de_oliveira,Otávio Gomes Lumba de Oliveira,Otávio Gomes Lumba de Oliveira,derived,"en,pt",1,2010,2010,specialization:1,1,Otávio Gomes Lumba de Oliveira,nao,nao,nao,"Processo de Gerenciamento de Projetos: uma abordagem utilizando PMBOK e Scrum, alinhado à realidade da Empresa Giro Novo",autor externo derivado de produções: date editorial provavelmente dispensável
paula_emilyn_deodato_franco,Paula Emilyn Deodato Franco,Paula Emilyn Deodato Franco,derived,"en,pt",1,2025,2025,conference:1,1,Paula Emilyn Deodato Franco,nao,nao,nao,Fast Track for Collaborative Solutions: A Methodology for Public Service Design Workshops Supported by LLMs,autor externo derivado de produções: date editorial provavelmente dispensável
pauliane_alves_de_paula,Pauliane Alves de Paula,Pauliane Alves de Paula,derived,"en,pt",1,2009,2009,specialization:1,1,Pauliane Alves de Paula,nao,nao,nao,Proposta de associação de um Processo de Desenvolvimento Ágil ao uso de Ferramenta CASE,autor externo derivado de produções: date editorial provavelmente dispensável
paulino_gabriel_r_scheidt,"PAULINO, GABRIEL R. SCHEIDT","PAULINO, GABRIEL R. SCHEIDT",derived,"en,pt",1,2024,2024,workshop:1,1,"PAULINO, GABRIEL R. SCHEIDT",nao,nao,nao,Nimbus: uma arquitetura serverless em nuvem para correção automática de códigos,autor externo derivado de produções: date editorial provavelmente dispensável
pereira_d_v,"Pereira, D.V.","Pereira, D.V.",derived,"en,pt",2,2017,2017,conference:2,1,"Pereira, D.V.",nao,nao,nao,Team Maturity in Software Engineering Teams | Team Maturity in Software Engineering Teams: a Work in Progress,autor externo derivado de produções: date editorial provavelmente dispensável
pereira_v_c,"PEREIRA, V. C.","PEREIRA, V. C.",derived,"en,pt",2,2021,2022,article:1; conference:1,2,"PEREIRA, V. C. | PEREIRA, VINICIUS",nao,nao,nao,"Defining Digital Legacy Management Systems' Requirements | Digital Legacy Management Systems: Theoretical, Systemic and Users Perspective",autor externo derivado de produções: date editorial provavelmente dispensável
petersen_kai,"PETERSEN, KAI","PETERSEN, KAI",derived,"en,pt",1,2022,2022,article:1,1,"PETERSEN, KAI",nao,nao,nao,Value-Based Software Engineering: A Systematic Mapping Study,autor externo derivado de produções: date editorial provavelmente dispensável
pinto_adilson_luiz,"PINTO, ADILSON LUIZ","PINTO, ADILSON LUIZ",derived,"en,pt",3,2024,2025,article:1; conference:2,1,"PINTO, ADILSON LUIZ",nao,nao,nao,Rede de atração entre periódicos brasileiros de Ciências da Saúde | OpenAlex como fonte de dados para sistemas nacionais de informação científica: a experiência do projeto Laguna | Atração entre periódicos brasileiros de medicina análise a partir de dados de citação do OpenAlex,autor externo derivado de produções: date editorial provavelmente dispensável
pinto_gustavo,"PINTO, GUSTAVO","PINTO, GUSTAVO",derived,"en,pt",1,2021,2021,conference:1,1,"PINTO, GUSTAVO",nao,nao,nao,Breaking one barrier at a time: how women developers cope in a men-dominated industry,autor externo derivado de produções: date editorial provavelmente dispensável
pinto_pereira_claudia,"PINTO PEREIRA, CLAUDIA","PINTO PEREIRA, CLAUDIA",derived,"en,pt",1,2023,2023,conference:1,1,"PINTO PEREIRA, CLAUDIA",nao,nao,nao,Investigating the Perceived Impact of Maternity on Software Engineering: a Womens Perspective,autor externo derivado de produções: date editorial provavelmente dispensável
poletto_j_a_r,"POLETTO, J. A. R.","POLETTO, J. A. R.",derived,"en,pt",1,2018,2018,book chapter:1,1,"POLETTO, J. A. R.",nao,nao,nao,Identificação de riscos em fiscalizações de obras públicas realizadas pelo TCU e o papel da tecnologia da informação em mitigá-los,autor externo derivado de produções: date editorial provavelmente dispensável
queiroz_diego_cesar_florencio_de,"QUEIROZ, DIEGO CÉSAR FLORÊNCIO DE","QUEIROZ, DIEGO CÉSAR FLORÊNCIO DE",derived,"en,pt",1,2023,2023,workshop:1,1,"QUEIROZ, DIEGO CÉSAR FLORÊNCIO DE",nao,nao,nao,LLC: Low Level Contêiner no Linux,autor externo derivado de produções: date editorial provavelmente dispensável
rafael_sermenho_pedroso,Rafael Sermenho Pedroso,Rafael Sermenho Pedroso,derived,"en,pt",1,2009,2009,specialization:1,1,Rafael Sermenho Pedroso,nao,nao,nao,Avaliação de sistemas legados em Delphi,autor externo derivado de produções: date editorial provavelmente dispensável
ramos_j_c_c,"RAMOS, J. C. C.","RAMOS, J. C. C.",derived,"en,pt",1,2021,2021,article:1,1,"RAMOS, J. C. C.",nao,nao,nao,"Instrumento de ação pública: edital de inclusão digital para retomada das atividades acadêmicas dos estudantes da Universidade de Brasília, no contexto da pandemia da COVID-19",autor externo derivado de produções: date editorial provavelmente dispensável
rejane_maria_da_costa_figueiredo,Rejane Maria da Costa Figueiredo,Rejane Maria da Costa Figueiredo,derived,"en,pt",12,2014,2025,article:2; book:1; conference:8; workshop:1,6,"DA COSTA FIGUEIREDO, REJANE M. | FIGUEIREDO, R. M. C. | FIGUEIREDO, R.M.C. | FIGUEIREDO, REJANE | Rejane Figueiredo | Rejane Maria da Costa Figueiredo",nao,nao,nao,Fast Track for Collaborative Solutions: A Methodology for Public Service Design Workshops Supported by LLMs | Reflections on Collaborative Design: Lessons from Creating a Digital Public Service App | A Systematic Review of Indicators for Evaluating the Effectiveness of Digital Public Services,autor externo derivado de produções: date editorial provavelmente dispensável
renata_braz_ferraz,Renata Braz Ferraz,Renata Braz Ferraz,derived,"en,pt",1,2009,2009,specialization:1,1,Renata Braz Ferraz,nao,nao,nao,A utilização de estratégias conversacionais durante a elicitação de requisitos,autor externo derivado de produções: date editorial provavelmente dispensável
renato_de_oliveira_silva,Renato de Oliveira Silva,Renato de Oliveira Silva,derived,"en,pt",1,2009,2009,specialization:1,1,Renato de Oliveira Silva,nao,nao,nao,Mapeamento e proposta de melhoria para um processo de manutenção de software,autor externo derivado de produções: date editorial provavelmente dispensável
resende_kiane,"RESENDE, KIANE","RESENDE, KIANE",derived,"en,pt",1,2018,2018,conference:1,1,"RESENDE, KIANE",nao,nao,nao,Requisitos de Qualidade de Usabilidade: análise da utilização em sistemas de uma instituição financeira,autor externo derivado de produções: date editorial provavelmente dispensável
rezende_m,"REZENDE, M.","REZENDE, M.",derived,"en,pt",1,2012,2012,conference:1,1,"REZENDE, M.",nao,nao,nao,Influence of Affirmative Action on the Academic Performance of Undergraduate Students from a Brazilian Public University,autor externo derivado de produções: date editorial provavelmente dispensável
ribeiro_a_s,"RIBEIRO, A. S.","RIBEIRO, A. S.",derived,"en,pt",2,2018,2022,conference:2,2,"RIBEIRO, A. S. | RIBEIRO, AILTON",nao,nao,nao,MyStory: um protótipo de sistema com vistas à imortalidade digital | An Implementation of the OAuth 2.0 for an Enterprise Service Bus,autor externo derivado de produções: date editorial provavelmente dispensável
ribeiro_eduardo_do_n,"RIBEIRO, EDUARDO DO N.","RIBEIRO, EDUARDO DO N.",derived,"en,pt",1,2016,2016,conference:1,1,"RIBEIRO, EDUARDO DO N.",nao,nao,nao,Smart Quizzes in the Engineering Education,autor externo derivado de produções: date editorial provavelmente dispensável
roberto_avila_paldes,Roberto Ávila Paldês,Roberto Ávila Paldês,derived,"en,pt",4,2018,2019,article:1; book:1; conference:2,3,"PALDES, R. | PALDÊS, ROBERTO | Roberto Ávila Paldês",nao,nao,nao,"Ensino SUPERIOR com metodologias ativas: na prática, como se faz | Requisitos de Qualidade de Usabilidade: análise da utilização em sistemas de uma instituição financeira | Design Thinking: Challenges for Software Requirements Elicitation",autor externo derivado de produções: date editorial provavelmente dispensável
rocha_a_r_c,"ROCHA, A. R. C.","ROCHA, A. R. C.",derived,"en,pt",2,2015,2015,conference:2,1,"ROCHA, A. R. C.",nao,nao,nao,Critical issues in SPI Programs: A Holistic View | Planejamento de Programa de Melhoria Abordagem Multimodelo,autor externo derivado de produções: date editorial provavelmente dispensável
rocha_johan_m_g_da,"ROCHA, JOHAN M. G. DA","ROCHA, JOHAN M. G. DA",derived,"en,pt",1,2024,2024,workshop:1,1,"ROCHA, JOHAN M. G. DA",nao,nao,nao,Nimbus: uma arquitetura serverless em nuvem para correção automática de códigos,autor externo derivado de produções: date editorial provavelmente dispensável
rocha_larissa,"ROCHA, LARISSA","ROCHA, LARISSA",derived,"en,pt",1,2023,2023,conference:1,1,"ROCHA, LARISSA",nao,nao,nao,Investigating the Perceived Impact of Maternity on Software Engineering: a Womens Perspective,autor externo derivado de produções: date editorial provavelmente dispensável
rodrigo_cesar_santos_felisdorio,Rodrigo César Santos Felisdório,Rodrigo César Santos Felisdório,derived,"en,pt",2,2012,2018,book chapter:1; specialization:1,2,"FELISDORIO, R. C. S. | Rodrigo César Santos Felisdório",nao,nao,nao,Análise do processo de gestão de riscos na elaboração do plano diretor de tecnologia da informação  PDTI no setor público | Análise de risco nos planos diretores de Tecnologia da Informação do setor público,autor externo derivado de produções: date editorial provavelmente dispensável
rodrigues_g_n,"RODRIGUES, G. N.","RODRIGUES, G. N.",derived,"en,pt",2,2015,2018,article:1; conference:1,2,"RODRIGUES, G. N. | RODRIGUES, GENAINA",nao,nao,nao,Feature-family-based reliability analysis of software product lines | Modeling and Verification for Dependability in Software Product Lines,autor externo derivado de produções: date editorial provavelmente dispensável
rodrigues_pereira_naira_rubia,"RODRIGUES PEREIRA, NAIRA RÚBIA","RODRIGUES PEREIRA, NAIRA RÚBIA",derived,"en,pt",1,2023,2023,article:1,1,"RODRIGUES PEREIRA, NAIRA RÚBIA",nao,nao,nao,Usability study of a smartphone app entitled: Living with Parkinsons disease,autor externo derivado de produções: date editorial provavelmente dispensável
salleh_n,"Salleh, N.","Salleh, N.",derived,"en,pt",4,2019,2022,article:3; conference:1,2,"SALLEH, NORSAREMAH | Salleh, N.",nao,nao,nao,Value-Based Software Engineering: A Systematic Mapping Study | Insights on the relationship between decision-making style and personality in Software Engineering | The relationship between personality and decision-making: A Systematic literature review,autor externo derivado de produções: date editorial provavelmente dispensável
santos_felisdorio_rodrigo,"SANTOS FELISDÓRIO, RODRIGO","SANTOS FELISDÓRIO, RODRIGO",derived,"en,pt",1,2018,2018,article:1,1,"SANTOS FELISDÓRIO, RODRIGO",nao,nao,nao,Analysis of the Risk Management Process on the Development of the Public Sector Information Technology Master Plan,autor externo derivado de produções: date editorial provavelmente dispensável
santos_g_a,"Santos, G. A.","Santos, G. A.",derived,"en,pt",2,2017,2018,conference:2,2,"SANTOS, GIOVANNI ALMEIDA | Santos, G. A.",nao,nao,nao,Why there is still few women in Engineering? A perspective from female students and professors in an Engineering campus | Analysis of the teaching-learning methodology adopted in the introduction to computer science classes,autor externo derivado de produções: date editorial provavelmente dispensável
santos_r_r,"SANTOS, R.R.","SANTOS, R.R.",derived,"en,pt",1,2018,2018,book:1,1,"SANTOS, R.R.",nao,nao,nao,Governança em tecnologia de informação e comunicação para o setor público,autor externo derivado de produções: date editorial provavelmente dispensável
santos_veronica_souza_dos,"SANTOS, VERÔNICA SOUZA DOS","SANTOS, VERÔNICA SOUZA DOS",derived,"en,pt",1,2023,2023,conference:1,1,"SANTOS, VERÔNICA SOUZA DOS",nao,nao,nao,Do you see what happens around you? Men's Perceptions of Gender Inequality in Software Engineering,autor externo derivado de produções: date editorial provavelmente dispensável
sara_campos,Sara Campos,Sara Campos,derived,"en,pt",1,2025,2025,conference:1,1,Sara Campos,nao,nao,nao,Reflections on Collaborative Design: Lessons from Creating a Digital Public Service App,autor externo derivado de produções: date editorial provavelmente dispensável
schobbens_p,"SCHOBBENS, P.","SCHOBBENS, P.",derived,"en,pt",1,2015,2015,conference:1,1,"SCHOBBENS, P.",nao,nao,nao,Modeling and Verification for Dependability in Software Product Lines,autor externo derivado de produções: date editorial provavelmente dispensável
schobbens_pierre_yves,"SCHOBBENS, PIERRE-YVES","SCHOBBENS, PIERRE-YVES",derived,"en,pt",2,2018,2018,article:2,1,"SCHOBBENS, PIERRE-YVES",nao,nao,nao,All roads lead to Rome: Commuting strategies for product-line reliability analysis | Feature-family-based reliability analysis of software product lines,autor externo derivado de produções: date editorial provavelmente dispensável
seaman_c_b,"SEAMAN, C. B.","SEAMAN, C. B.",derived,"en,pt",1,2020,2020,article:1,1,"SEAMAN, C. B.",nao,nao,nao,The Teamwork Process Antecedents (TPA) Questionnaire: Developing and Validating a Comprehensive Measure for Assessing Antecedents of Teamwork Process Quality,autor externo derivado de produções: date editorial provavelmente dispensável
seghrouchni_a,"SEGHROUCHNI, A.","SEGHROUCHNI, A.",derived,"en,pt",1,2015,2015,article:1,1,"SEGHROUCHNI, A.",nao,nao,nao,A Multi-agent Architecture to Support Ubiquitous Applications in Smart Environments,autor externo derivado de produções: date editorial provavelmente dispensável
seibel_hilario,"Seibel, Hilário","Seibel, Hilário",derived,"en,pt",2,2007,2009,conference:2,1,"Seibel, Hilário",nao,nao,nao,An Anaphora Based Information Retrieval model Extension | Methodology for retrieval of relevant information in digital documents based on anaphora resolution,autor externo derivado de produções: date editorial provavelmente dispensável
sharifloo_a_m,"SHARIFLOO, A. M.","SHARIFLOO, A. M.",derived,"en,pt",1,2015,2015,conference:1,1,"SHARIFLOO, A. M.",nao,nao,nao,Modeling and Verification for Dependability in Software Product Lines,autor externo derivado de produções: date editorial provavelmente dispensável
silva_flavio_roberto_cruz,"SILVA, FLÁVIO ROBERTO CRUZ","SILVA, FLÁVIO ROBERTO CRUZ",derived,"en,pt",1,2024,2024,conference:1,1,"SILVA, FLÁVIO ROBERTO CRUZ",nao,nao,nao,OpenAlex como fonte de dados para sistemas nacionais de informação científica: a experiência do projeto Laguna,autor externo derivado de produções: date editorial provavelmente dispensável
silva_geovana_ramos_sousa,"SILVA, GEOVANA RAMOS SOUSA","SILVA, GEOVANA RAMOS SOUSA",derived,"en,pt",1,2023,2023,conference:1,1,"SILVA, GEOVANA RAMOS SOUSA",nao,nao,nao,Do you see what happens around you? Men's Perceptions of Gender Inequality in Software Engineering,autor externo derivado de produções: date editorial provavelmente dispensável
silva_m_c,"SILVA, M. C.","SILVA, M. C.",derived,"en,pt",1,2017,2017,conference:1,1,"SILVA, M. C.",nao,nao,nao,Evaluation of an Automatic Essay Correction System Used as an Assessment Tool,autor externo derivado de produções: date editorial provavelmente dispensável
silva_rita_de_cassia,"SILVA, RITA DE CASSIA","SILVA, RITA DE CASSIA",derived,"en,pt",2,2016,2016,conference:2,2,"SILVA, RITA C. | SILVA, RITA DE CASSIA",nao,nao,nao,A tool for students' grouping in classroom | Smart Quizzes in the Engineering Education,autor externo derivado de produções: date editorial provavelmente dispensável
silva_rodrigo_m_s_da,"SILVA, RODRIGO M. S. DA","SILVA, RODRIGO M. S. DA",derived,"en,pt",1,2016,2016,conference:1,1,"SILVA, RODRIGO M. S. DA",nao,nao,nao,Smart Quizzes in the Engineering Education,autor externo derivado de produções: date editorial provavelmente dispensável
simone_bezerra_franco,Simone Bezerra Franco,Simone Bezerra Franco,derived,"en,pt",1,2024,2024,conference:1,1,Simone Bezerra Franco,nao,nao,nao,A importância das TICS e do letramento digital para pessoas idosas: aplicabilidade no e-Gov e na qualidade do desenvolvimento de software,autor externo derivado de produções: date editorial provavelmente dispensável
soares_larissa,"SOARES, LARISSA","SOARES, LARISSA",derived,"en,pt",1,2023,2023,conference:1,1,"SOARES, LARISSA",nao,nao,nao,Do you see what happens around you? Men's Perceptions of Gender Inequality in Software Engineering,autor externo derivado de produções: date editorial provavelmente dispensável
souza_m,"SOUZA, M.","SOUZA, M.",derived,"en,pt",1,2019,2019,book:1,1,"SOUZA, M.",nao,nao,nao,"Ensino SUPERIOR com metodologias ativas: na prática, como se faz",autor externo derivado de produções: date editorial provavelmente dispensável
souza_r_v_f,"SOUZA, R. V. F.","SOUZA, R. V. F.",derived,"en,pt",2,2018,2020,conference:2,2,"SOUZA, R. M. | SOUZA, R. V. F.",nao,nao,nao,Teamwork Quality and Team Success in Software Development: A Non-exact Replication Study | Gamificação aplicada ao desenvolvimento de software: Análise e Projeto,autor externo derivado de produções: date editorial provavelmente dispensável
souza_renan_l_l_de,"SOUZA, RENAN L. L. DE","SOUZA, RENAN L. L. DE",derived,"en,pt",1,2022,2022,conference:1,1,"SOUZA, RENAN L. L. DE",nao,nao,nao,MyStory: um protótipo de sistema com vistas à imortalidade digital,autor externo derivado de produções: date editorial provavelmente dispensável
teixeira_leopoldo,"TEIXEIRA, LEOPOLDO","TEIXEIRA, LEOPOLDO",derived,"en,pt",1,2018,2018,article:1,1,"TEIXEIRA, LEOPOLDO",nao,nao,nao,All roads lead to Rome: Commuting strategies for product-line reliability analysis,autor externo derivado de produções: date editorial provavelmente dispensável
teixeira_ricardo_antonio_goncalves,"TEIXEIRA, RICARDO ANTONIO GONÇALVES","TEIXEIRA, RICARDO ANTONIO GONÇALVES",derived,"en,pt",1,2015,2015,article:1,1,"TEIXEIRA, RICARDO ANTONIO GONÇALVES",nao,nao,nao,A concept-environment for computer-based augmentative and alternative communication founded on a systematic review,autor externo derivado de produções: date editorial provavelmente dispensável
teodoro_george,"TEODORO, GEORGE","TEODORO, GEORGE",derived,"en,pt",2,2020,2025,article:1; conference:1,1,"TEODORO, GEORGE",nao,nao,nao,PA-Star2: Fast Optimal Multiple Sequence Alignment for Asymmetric Multicore Processors | Using GPU to accelerate the pairwise structural RNA alignment with base pair probabilities,autor externo derivado de produções: date editorial provavelmente dispensável
thatiany_lima_de_sousa,Thatiany Lima de Sousa,Thatiany Lima de Sousa,derived,"en,pt",3,2014,2016,conference:3,1,Thatiany Lima de Sousa,nao,nao,nao,Using Scrum in Outsourced Government Projects: An Action Research | A Aplicação do Framework Ágil Scrum em um Processo de Gestão de Projetos de Desenvolvimento de Software por Terceiros em um Órgão Público Federal Brasileiro | Experiência no Projeto Framework de Soluções de TI,autor externo derivado de produções: date editorial provavelmente dispensável
tiago_gomes_pereira,Tiago Gomes Pereira,Tiago Gomes Pereira,derived,"en,pt",1,2013,2013,tcc:1,1,Tiago Gomes Pereira,nao,nao,nao,Definição de Critérios de Aceite Baseados em Métricas de Qualidade de Produto para um Processo Ágil de Gestão de Demandas de Desenvolvimento de Software,autor externo derivado de produções: date editorial provavelmente dispensável
tiago_souza_fraga,Tiago Souza Fraga,Tiago Souza Fraga,derived,"en,pt",1,2008,2008,specialization:1,1,Tiago Souza Fraga,nao,nao,nao,Proposta de um processo de desenvolvimento de software para pequenas equipes,autor externo derivado de produções: date editorial provavelmente dispensável
ueda_gustavo,"UEDA, GUSTAVO","UEDA, GUSTAVO",derived,"en,pt",1,2021,2021,conference:1,1,"UEDA, GUSTAVO",nao,nao,nao,"Digital Legacy Management Systems: Theoretical, Systemic and Users Perspective",autor externo derivado de produções: date editorial provavelmente dispensável
vianna_d_m,"VIANNA, D. M.","VIANNA, D. M.",derived,"en,pt",1,2023,2023,book:1,1,"VIANNA, D. M.",nao,nao,nao,Indicadores de aprendizagem,autor externo derivado de produções: date editorial provavelmente dispensável
viterbo_jose,"Viterbo, José","Viterbo, José",derived,"en,pt",2,2015,2015,article:1; book chapter:1,2,"VITERBO, J. | Viterbo, José",nao,nao,nao,A Multi-agent Architecture to Support Ubiquitous Applications in Smart Environments | A Multi-agent Architecture to Support Ubiquitous Applications in Smart Environments,autor externo derivado de produções: date editorial provavelmente dispensável
vitor_gomes_menezes,Vitor Gomes Menezes,Vitor Gomes Menezes,derived,"en,pt",1,2020,2020,article:1,1,Vitor Gomes Menezes,nao,nao,nao,A Systematic Review of Indicators for Evaluating the Effectiveness of Digital Public Services,autor externo derivado de produções: date editorial provavelmente dispensável
wander_cleber_maria_pereira_da_silva,Wander Cleber Maria Pereira da Silva,Wander Cleber Maria Pereira da Silva,derived,"en,pt",6,2016,2025,article:1; conference:4; workshop:1,4,"SILVA, W. C. M. P. | SILVA, WANDER C. M. P. | Wander Cleber Maria Pereira da Silva | Wander Pereira Silva",nao,nao,nao,Fast Track for Collaborative Solutions: A Methodology for Public Service Design Workshops Supported by LLMs | Reflections on Collaborative Design: Lessons from Creating a Digital Public Service App | A Systematic Review of Indicators for Evaluating the Effectiveness of Digital Public Services,autor externo derivado de produções: date editorial provavelmente dispensável
washington_luis_ribeiro_de_carvalho_segundo,Washington Luís Ribeiro de Carvalho Segundo,Washington Luís Ribeiro de Carvalho Segundo,derived,"en,pt",3,2024,2026,article:1; conference:2,2,"CARVALHO SEGUNDO, WASHINGTON LUÍS RIBEIRO DE | Washington Luís Ribeiro de Carvalho Segundo",nao,nao,nao,Rede de atração entre periódicos brasileiros de Ciências da Saúde | Atração entre periódicos brasileiros de medicina análise a partir de dados de citação do OpenAlex | A Heterogeneous Ensemble Meta-Model for Large-Scale Categorization of Portuguese Scientific Records in OasisBR,autor externo derivado de produções: date editorial provavelmente dispensável
wilbert_carpi_silva,Wilbert Carpi Silva,Wilbert Carpi Silva,derived,"en,pt",1,2014,2014,specialization:1,1,Wilbert Carpi Silva,nao,nao,nao,Proposta de Modelo para Infraestrutura de Rede e Tratamento de Incidentes de Segurança em Redes de Computadores da APF,autor externo derivado de produções: date editorial provavelmente dispensável
yamauchi_e_a,"YAMAUCHI, E. A.","YAMAUCHI, E. A.",derived,"en,pt",2,2021,2022,article:1; conference:1,2,"YAMAUCHI, E. A. | YAMAUCHI, EDUARDO",nao,nao,nao,"Defining Digital Legacy Management Systems' Requirements | Digital Legacy Management Systems: Theoretical, Systemic and Users Perspective",autor externo derivado de produções: date editorial provavelmente dispensável
